"eco_values","species","latitude","longitude","date_obs","source","occurrence_id","tmax_mean_c","prec_mean_annual","current_july_temp_c","future_july_2050_c","july_temp_change_c","Temperatur","Moisture","Landcover","Landforms","Climate_Re","Red","Green","Blue","W_Ecosystm","color","elevation","NDVI"
5,"Ursus arctos",51.307867,-116.127846,2025-05-19,"gbif",53,-1.11153846153843,70,7.95000000000005,10.95,3,"Polar","Moist","Sparsely or Non vegetated","Mountains","Polar Moist",156,150,138,"Polar Moist Sparsely or Non vegetated on Mountains","#9C968A",2442,0.0738
5,"Ursus arctos",51.590193,-116.107071,2025-05-18,"gbif",86,-2.2961538461538,57.5,6.65000000000003,9.65000000000003,3,"Polar","Moist","Sparsely or Non vegetated","Mountains","Polar Moist",156,150,138,"Polar Moist Sparsely or Non vegetated on Mountains","#9C968A",2399,-3e-04
5,"Ursus arctos",52.933467,-118.178586,2026-05-25,"gbif",37,-1.46538461538455,62.5,6.95000000000005,9.85000000000002,2.89999999999998,"Polar","Moist","Sparsely or Non vegetated","Mountains","Polar Moist",156,150,138,"Polar Moist Sparsely or Non vegetated on Mountains","#9C968A",2234,0.0399
5,"Ursus arctos",52.933467,-118.178586,2026-05-25,"gbif",218,-1.46538461538455,62.5,6.95000000000005,9.85000000000002,2.89999999999998,"Polar","Moist","Sparsely or Non vegetated","Mountains","Polar Moist",156,150,138,"Polar Moist Sparsely or Non vegetated on Mountains","#9C968A",2234,0.0399
5,"Ursus arctos horribilis",50.9006407177,-115.822374542,2025-10-09,"inat",178,-0.865384615384585,62,7.95000000000005,11.05,3.09999999999997,"Polar","Moist","Sparsely or Non vegetated","Mountains","Polar Moist",156,150,138,"Polar Moist Sparsely or Non vegetated on Mountains","#9C968A",2297,0.1559
5,"Ursus maritimus",59.0689063954,-63.8200622522,2025-09-26,"inat",317,-7.30384615384611,61.5,9.55000000000001,10.2500000000001,0.700000000000045,"Polar","Moist","Sparsely or Non vegetated","Mountains","Polar Moist",156,150,138,"Polar Moist Sparsely or Non vegetated on Mountains","#9C968A",394,-0.0549
5,"Ursus arctos",51.307867,-116.127846,2025-05-19,"gbif",234,-1.11153846153843,70,7.95000000000005,10.95,3,"Polar","Moist","Sparsely or Non vegetated","Mountains","Polar Moist",156,150,138,"Polar Moist Sparsely or Non vegetated on Mountains","#9C968A",2442,0.0738
5,"Ursus arctos",52.948575,-118.149282,2025-05-18,"gbif",72,-1.31923076923078,56.5,7.05000000000001,9.95000000000005,2.90000000000003,"Polar","Moist","Sparsely or Non vegetated","Mountains","Polar Moist",156,150,138,"Polar Moist Sparsely or Non vegetated on Mountains","#9C968A",2163,0.5517
5,"Ursus arctos",64.308084,-138.242461,2025-05-24,"gbif",248,-5.58846153846156,25,8.95000000000005,11.65,2.69999999999999,"Polar","Moist","Sparsely or Non vegetated","Mountains","Polar Moist",156,150,138,"Polar Moist Sparsely or Non vegetated on Mountains","#9C968A",1664,-0.0239
5,"Ursus arctos horribilis",52.9334669421,-118.1785859951,2026-05-25,"inat",150,-1.46538461538455,62.5,6.95000000000005,9.85000000000002,2.89999999999998,"Polar","Moist","Sparsely or Non vegetated","Mountains","Polar Moist",156,150,138,"Polar Moist Sparsely or Non vegetated on Mountains","#9C968A",2234,0.0399
5,"Ursus arctos",64.308084,-138.242461,2025-05-24,"gbif",67,-5.58846153846156,25,8.95000000000005,11.65,2.69999999999999,"Polar","Moist","Sparsely or Non vegetated","Mountains","Polar Moist",156,150,138,"Polar Moist Sparsely or Non vegetated on Mountains","#9C968A",1664,-0.0239
5,"Ursus arctos",52.948575,-118.149282,2025-05-18,"gbif",253,-1.31923076923078,56.5,7.05000000000001,9.95000000000005,2.90000000000003,"Polar","Moist","Sparsely or Non vegetated","Mountains","Polar Moist",156,150,138,"Polar Moist Sparsely or Non vegetated on Mountains","#9C968A",2163,0.5517
5,"Ursus arctos",51.590193,-116.107071,2025-05-18,"gbif",267,-2.2961538461538,57.5,6.65000000000003,9.65000000000003,3,"Polar","Moist","Sparsely or Non vegetated","Mountains","Polar Moist",156,150,138,"Polar Moist Sparsely or Non vegetated on Mountains","#9C968A",2399,-3e-04
5,"Ursus arctos horribilis",52.8097108739,-118.1692679437,2026-06-08,"inat",113,-2.84230769230766,72.5,5.85000000000002,8.85000000000002,3,"Polar","Moist","Sparsely or Non vegetated","Mountains","Polar Moist",156,150,138,"Polar Moist Sparsely or Non vegetated on Mountains","#9C968A",2315,-0.0248
5,"Ursus maritimus",59.0722774964,-63.8355863389,2025-09-26,"inat",316,-7.36538461538464,60,9.65000000000003,10.35,0.699999999999989,"Polar","Moist","Sparsely or Non vegetated","Mountains","Polar Moist",156,150,138,"Polar Moist Sparsely or Non vegetated on Mountains","#9C968A",414,0.106
5,"Ursus arctos horribilis",50.8493944925,-115.0030793924,2026-06-09,"inat",110,-0.0653846153845734,67,7.45000000000005,10.55,3.09999999999997,"Polar","Moist","Sparsely or Non vegetated","Mountains","Polar Moist",156,150,138,"Polar Moist Sparsely or Non vegetated on Mountains","#9C968A",2360,0.1693
5,"Ursus arctos horribilis",52.2828462461,-117.3594878904,2026-06-10,"inat",106,-3.45769230769224,105.5,6.55000000000001,9.55000000000001,3,"Polar","Moist","Sparsely or Non vegetated","Mountains","Polar Moist",156,150,138,"Polar Moist Sparsely or Non vegetated on Mountains","#9C968A",2150,0.0365
6,"Ursus arctos",52.210716,-117.379645,2025-05-10,"gbif",90,-7.32692307692298,121.5,2.75000000000006,5.75000000000006,3,"Polar","Moist","Snow and Ice","Mountains","Polar Moist",255,255,255,"Polar Moist Snow and Ice on Mountains","#FFFFFF",2815,-0.0065
6,"Ursus arctos",52.210716,-117.379645,2025-05-10,"gbif",271,-7.32692307692298,121.5,2.75000000000006,5.75000000000006,3,"Polar","Moist","Snow and Ice","Mountains","Polar Moist",255,255,255,"Polar Moist Snow and Ice on Mountains","#FFFFFF",2815,-0.0065
10,"Ursus maritimus",72.0599456562,-94.7516800429,2024-08-20,"inat",93,-13.8807692307692,10,6.65000000000003,8.45000000000005,1.80000000000001,"Polar","Moist","Sparsely or Non vegetated","Tablelands","Polar Moist",111,133,202,"Polar Moist Sparsely or Non vegetated on Tablelands","#6F85CA",210,-0.0304
10,"Ursus maritimus",62.9294894679,-82.0740857783,2009-07-19,"inat",286,-9.06538461538457,9,5.75000000000006,7.25000000000006,1.5,"Polar","Moist","Sparsely or Non vegetated","Tablelands","Polar Moist",111,133,202,"Polar Moist Sparsely or Non vegetated on Tablelands","#6F85CA",86,-0.0303
10,"Ursus maritimus",72.0599456562,-94.7516800429,2024-08-20,"inat",272,-13.8807692307692,10,6.65000000000003,8.45000000000005,1.80000000000001,"Polar","Moist","Sparsely or Non vegetated","Tablelands","Polar Moist",111,133,202,"Polar Moist Sparsely or Non vegetated on Tablelands","#6F85CA",210,-0.0304
17,"Ursus arctos",61.1036053625,-136.8047295461,2026-06-07,"inat",120,-3.56538461538457,17,8.55000000000001,11.45,2.90000000000003,"Polar","Dry","Grassland","Mountains","Polar Dry",203,184,154,"Polar Dry Grassland on Mountains","#CBB89A",1628,-0.023
18,"Ursus arctos",60.2936188458,-136.0608653634,2026-05-19,"inat",167,-3.1653846153846,43.5,8.15000000000003,11.05,2.89999999999998,"Polar","Moist","Grassland","Mountains","Polar Moist",191,167,132,"Polar Moist Grassland on Mountains","#BFA784",1700,-0.0106
18,"Ursus arctos horribilis",52.8092793558,-118.1434052947,2026-06-09,"inat",104,-1.41923076923075,63,7.25000000000006,10.2500000000001,3,"Polar","Moist","Grassland","Mountains","Polar Moist",191,167,132,"Polar Moist Grassland on Mountains","#BFA784",2244,0.3739
18,"Ursus arctos",51.254954,-116.087928,2025-05-26,"gbif",257,-0.696153846153834,68.5,8.35000000000002,11.35,3,"Polar","Moist","Grassland","Mountains","Polar Moist",191,167,132,"Polar Moist Grassland on Mountains","#BFA784",2199,0.1367
18,"Ursus arctos",51.254954,-116.087928,2025-05-26,"gbif",76,-0.696153846153834,68.5,8.35000000000002,11.35,3,"Polar","Moist","Grassland","Mountains","Polar Moist",191,167,132,"Polar Moist Grassland on Mountains","#BFA784",2199,0.1367
18,"Ursus arctos horribilis",60.9742341396,-138.4451733251,2026-06-09,"inat",91,-5.38846153846146,28.5,6.85000000000002,9.05000000000001,2.19999999999999,"Polar","Moist","Grassland","Mountains","Polar Moist",191,167,132,"Polar Moist Grassland on Mountains","#BFA784",1426,0.0227
29,"Ursus arctos",52.906284,-117.750744,2025-05-28,"gbif",79,-0.242307692307634,40.5,8.25000000000006,11.15,2.89999999999998,"Polar","Moist","Forest","Mountains","Polar Moist",107,103,74,"Polar Moist Forest on Mountains","#6B674A",1755,0.0415
29,"Ursus arctos",52.906284,-117.750744,2025-05-28,"gbif",260,-0.242307692307634,40.5,8.25000000000006,11.15,2.89999999999998,"Polar","Moist","Forest","Mountains","Polar Moist",107,103,74,"Polar Moist Forest on Mountains","#6B674A",1755,0.0415
29,"Ursus arctos horribilis",51.5509326017,-116.2161208108,1990-06-24,"inat",140,-1.12692307692299,78,7.95000000000005,10.95,3,"Polar","Moist","Forest","Mountains","Polar Moist",107,103,74,"Polar Moist Forest on Mountains","#6B674A",2436,0.261
45,"Ursus maritimus",58.7692756137,-93.8019916762,2025-11-10,"inat",299,-4.61153846153843,3,8.95000000000005,10.85,1.89999999999998,"Boreal","Moist","Sparsely or Non vegetated","Plains","Boreal Moist",9,57,57,"Boreal Moist Sparsely or Non vegetated on Plains","#093939",2,0.1355
45,"Ursus maritimus",58.7612569645,-93.7899398804,2025-11-10,"inat",300,-4.57307692307688,3,9.05000000000001,10.95,1.90000000000003,"Boreal","Moist","Sparsely or Non vegetated","Plains","Boreal Moist",9,57,57,"Boreal Moist Sparsely or Non vegetated on Plains","#093939",7,0.1614
45,"Ursus maritimus",58.7460152328,-93.8969417534,2025-11-06,"inat",288,-4.52692307692308,2.5,9.25000000000006,11.2500000000001,2,"Boreal","Moist","Sparsely or Non vegetated","Plains","Boreal Moist",9,57,57,"Boreal Moist Sparsely or Non vegetated on Plains","#093939",9,0.2666
45,"Ursus maritimus",58.7418318719,-93.7427410404,2025-11-03,"inat",293,-4.53461538461534,3,9.25000000000006,11.05,1.79999999999995,"Boreal","Moist","Sparsely or Non vegetated","Plains","Boreal Moist",9,57,57,"Boreal Moist Sparsely or Non vegetated on Plains","#093939",10,0.2229
45,"Ursus maritimus",58.7644219594,-93.7501915742,2025-11-10,"inat",303,-4.59615384615381,3,8.95000000000005,10.7500000000001,1.80000000000001,"Boreal","Moist","Sparsely or Non vegetated","Plains","Boreal Moist",9,57,57,"Boreal Moist Sparsely or Non vegetated on Plains","#093939",7,0.254
50,"Ursus arctos horribilis",58.34642235,-122.71101272,2026-05-17,"inat",136,5.03461538461539,33.5,16.2500000000001,18.95,2.69999999999999,"Boreal","Moist","Forest","Hills","Boreal Moist",0,93,49,"Boreal Moist Forest on Hills","#005D31",564,0.6301
51,"Ursus arctos",52.90925,-117.789251,2026-05-21,"gbif",213,1.45769230769235,42.5,9.95000000000005,12.85,2.89999999999998,"Boreal","Moist","Sparsely or Non vegetated","Mountains","Boreal Moist",28,131,159,"Boreal Moist Sparsely or Non vegetated on Mountains","#1C839F",1984,0.3738
51,"Ursus arctos",52.866429,-117.662,2025-05-28,"gbif",261,-1.57307692307688,49,7.15000000000003,10.05,2.89999999999998,"Boreal","Moist","Sparsely or Non vegetated","Mountains","Boreal Moist",28,131,159,"Boreal Moist Sparsely or Non vegetated on Mountains","#1C839F",2103,0.0341
51,"Ursus arctos",52.90925,-117.789251,2026-05-21,"gbif",32,1.45769230769235,42.5,9.95000000000005,12.85,2.89999999999998,"Boreal","Moist","Sparsely or Non vegetated","Mountains","Boreal Moist",28,131,159,"Boreal Moist Sparsely or Non vegetated on Mountains","#1C839F",1984,0.3738
51,"Ursus arctos horribilis",52.9092503925,-117.7892506318,2026-05-21,"inat",163,1.45769230769235,42.5,9.95000000000005,12.85,2.89999999999998,"Boreal","Moist","Sparsely or Non vegetated","Mountains","Boreal Moist",28,131,159,"Boreal Moist Sparsely or Non vegetated on Mountains","#1C839F",1984,0.3738
51,"Ursus arctos",52.866429,-117.662,2025-05-28,"gbif",80,-1.57307692307688,49,7.15000000000003,10.05,2.89999999999998,"Boreal","Moist","Sparsely or Non vegetated","Mountains","Boreal Moist",28,131,159,"Boreal Moist Sparsely or Non vegetated on Mountains","#1C839F",2103,0.0341
51,"Ursus arctos horribilis",69.2828135601,-139.7906158315,2023-07-22,"inat",177,-5.11153846153843,16.5,10.45,13.2500000000001,2.80000000000001,"Boreal","Moist","Sparsely or Non vegetated","Mountains","Boreal Moist",28,131,159,"Boreal Moist Sparsely or Non vegetated on Mountains","#1C839F",536,-0.0281
52,"Ursus maritimus",55.1055171948,-85.9374487778,2025-10-01,"inat",304,-1.92692307692306,21.5,13.55,15.35,1.80000000000001,"Boreal","Moist","Shrubland","Plains","Boreal Moist",35,81,70,"Boreal Moist Shrubland on Plains","#235146",64,0.3709
52,"Ursus maritimus",58.7686127339,-93.7403714308,2025-11-10,"inat",302,-4.62692307692305,3,8.85000000000002,10.65,1.80000000000001,"Boreal","Moist","Shrubland","Plains","Boreal Moist",35,81,70,"Boreal Moist Shrubland on Plains","#235146",4,0.2616
53,"Ursus maritimus",55.5616777724,-87.8644045132,2025-10-03,"inat",305,-1.88846153846151,20,13.95,15.65,1.69999999999999,"Boreal","Moist","Forest","Plains","Boreal Moist",0,70,4,"Boreal Moist Forest on Plains","#004604",83,0.4757
53,"Ursus maritimus",58.6608666397,-93.4292345471,2025-11-11,"inat",296,-4.40384615384613,3,9.35000000000002,11.15,1.80000000000001,"Boreal","Moist","Forest","Plains","Boreal Moist",0,70,4,"Boreal Moist Forest on Plains","#004604",6,0.3394
53,"Ursus maritimus",58.7184475962,-93.892867139,2025-11-05,"inat",289,-4.39615384615382,2.5,9.65000000000003,11.65,2,"Boreal","Moist","Forest","Plains","Boreal Moist",0,70,4,"Boreal Moist Forest on Plains","#004604",16,0.2959
53,"Ursus maritimus",54.7003326416,-83.0303039551,1969-12-31,"inat",311,-1.84230769230766,21.5,12.85,14.95,2.10000000000002,"Boreal","Moist","Forest","Plains","Boreal Moist",0,70,4,"Boreal Moist Forest on Plains","#004604",28,0.3487
53,"Ursus maritimus",58.739208133,-94.0899003611,2025-11-01,"inat",291,-4.44999999999999,2.5,9.55000000000001,11.7500000000001,2.20000000000005,"Boreal","Moist","Forest","Plains","Boreal Moist",0,70,4,"Boreal Moist Forest on Plains","#004604",16,0.3043
53,"Ursus maritimus",58.7342193239,-93.8020218909,2024-10-14,"inat",280,-4.48076923076923,3,9.35000000000002,11.2500000000001,1.90000000000003,"Boreal","Moist","Forest","Plains","Boreal Moist",0,70,4,"Boreal Moist Forest on Plains","#004604",16,0.1509
54,"Ursus arctos",64.4933979796,-138.217088885,2025-06-09,"inat",159,-1.55000000000001,18.5,12.65,15.35,2.69999999999999,"Boreal","Moist","Shrubland","Mountains","Boreal Moist",1,105,0,"Boreal Moist Shrubland on Mountains","#016900",1096,0.0934
55,"Ursus arctos",52.079846,-116.736952,2025-05-31,"gbif",74,-0.92692307692306,81.5,8.85000000000002,11.85,3,"Boreal","Moist","Forest","Mountains","Boreal Moist",6,92,79,"Boreal Moist Forest on Mountains","#065C4F",2392,0.1613
55,"Ursus arctos",61.330497,-138.655742,2026-05-15,"gbif",28,-0.219230769230762,19,12.7500000000001,15.65,2.89999999999998,"Boreal","Moist","Forest","Mountains","Boreal Moist",6,92,79,"Boreal Moist Forest on Mountains","#065C4F",1014,0.4797
55,"Ursus arctos",51.217613,-116.064354,2026-05-04,"gbif",9,4.03461538461539,55.5,13.05,16.05,3,"Boreal","Moist","Forest","Mountains","Boreal Moist",6,92,79,"Boreal Moist Forest on Mountains","#065C4F",1784,0.6188
55,"Ursus arctos",51.294881,-115.880044,2026-05-11,"gbif",199,0.826923076923094,46,9.65000000000003,12.7500000000001,3.10000000000002,"Boreal","Moist","Forest","Mountains","Boreal Moist",6,92,79,"Boreal Moist Forest on Mountains","#065C4F",1973,0.5458
55,"Ursus arctos",58.375823,-122.713761,2026-05-30,"gbif",38,4.94230769230768,33.5,16.15,18.85,2.69999999999999,"Boreal","Moist","Forest","Mountains","Boreal Moist",6,92,79,"Boreal Moist Forest on Mountains","#065C4F",556,0.7026
55,"Ursus arctos",50.686216,-115.182644,2025-05-21,"gbif",89,3.4961538461539,67.5,11.95,14.95,3,"Boreal","Moist","Forest","Mountains","Boreal Moist",6,92,79,"Boreal Moist Forest on Mountains","#065C4F",2019,0.6286
55,"Ursus arctos",50.631268,-115.193331,2025-05-23,"gbif",258,4.44999999999999,76.5,13.05,16.05,3,"Boreal","Moist","Forest","Mountains","Boreal Moist",6,92,79,"Boreal Moist Forest on Mountains","#065C4F",1992,0.6388
55,"Ursus arctos",59.19042,-125.927978,2026-05-08,"gbif",194,4.07307692307694,34,15.45,18.35,2.89999999999998,"Boreal","Moist","Forest","Mountains","Boreal Moist",6,92,79,"Boreal Moist Forest on Mountains","#065C4F",941,0.3201
55,"Ursus arctos",51.294881,-115.880044,2026-05-11,"gbif",18,0.826923076923094,46,9.65000000000003,12.7500000000001,3.10000000000002,"Boreal","Moist","Forest","Mountains","Boreal Moist",6,92,79,"Boreal Moist Forest on Mountains","#065C4F",1973,0.5458
55,"Ursus maritimus",58.9784280764,-64.2309075533,2009-07-11,"inat",290,-6.87307692307689,62.5,11.35,12.35,1,"Boreal","Moist","Forest","Mountains","Boreal Moist",6,92,79,"Boreal Moist Forest on Mountains","#065C4F",304,0.0802
55,"Ursus arctos",51.433007,-116.360551,2025-05-15,"gbif",239,2.4961538461539,77.5,11.65,14.65,3,"Boreal","Moist","Forest","Mountains","Boreal Moist",6,92,79,"Boreal Moist Forest on Mountains","#065C4F",1918,0.6504
55,"Ursus arctos",59.19042,-125.927978,2026-05-08,"gbif",13,4.07307692307694,34,15.45,18.35,2.89999999999998,"Boreal","Moist","Forest","Mountains","Boreal Moist",6,92,79,"Boreal Moist Forest on Mountains","#065C4F",941,0.3201
55,"Ursus arctos",50.851569649,-115.3671613669,2026-05-17,"inat",126,3.25769230769237,50.5,11.85,14.85,3,"Boreal","Moist","Forest","Mountains","Boreal Moist",6,92,79,"Boreal Moist Forest on Mountains","#065C4F",1869,0.5974
55,"Ursus arctos",51.217613,-116.064354,2026-05-04,"gbif",190,4.03461538461539,55.5,13.05,16.05,3,"Boreal","Moist","Forest","Mountains","Boreal Moist",6,92,79,"Boreal Moist Forest on Mountains","#065C4F",1784,0.6188
55,"Ursus arctos",51.433007,-116.360551,2025-05-15,"gbif",58,2.4961538461539,77.5,11.65,14.65,3,"Boreal","Moist","Forest","Mountains","Boreal Moist",6,92,79,"Boreal Moist Forest on Mountains","#065C4F",1918,0.6504
55,"Ursus arctos horribilis",51.0804380787,-115.486845111,2026-05-04,"inat",154,2.56538461538463,33.5,11.15,14.2500000000001,3.10000000000002,"Boreal","Moist","Forest","Mountains","Boreal Moist",6,92,79,"Boreal Moist Forest on Mountains","#065C4F",1867,0.6002
55,"Ursus arctos",59.190333,-125.9282,2025-05-02,"gbif",64,4.07307692307694,34,15.45,18.35,2.89999999999998,"Boreal","Moist","Forest","Mountains","Boreal Moist",6,92,79,"Boreal Moist Forest on Mountains","#065C4F",941,0.3201
55,"Ursus arctos",58.375823,-122.713761,2026-05-30,"gbif",219,4.94230769230768,33.5,16.15,18.85,2.69999999999999,"Boreal","Moist","Forest","Mountains","Boreal Moist",6,92,79,"Boreal Moist Forest on Mountains","#065C4F",556,0.7026
55,"Ursus arctos",61.791838,-139.630665,2025-05-18,"gbif",61,0.142307692307725,19,14.15,17.05,2.89999999999998,"Boreal","Moist","Forest","Mountains","Boreal Moist",6,92,79,"Boreal Moist Forest on Mountains","#065C4F",847,0.6285
55,"Ursus arctos",50.849707,-115.398535,2026-05-07,"gbif",31,3.28076923076924,54.5,11.95,14.95,3,"Boreal","Moist","Forest","Mountains","Boreal Moist",6,92,79,"Boreal Moist Forest on Mountains","#065C4F",1901,0.6291
55,"Ursus arctos",51.054000906,-115.7583971471,2025-08-12,"inat",139,0.526923076923083,54.5,9.45000000000005,12.55,3.09999999999997,"Boreal","Moist","Forest","Mountains","Boreal Moist",6,92,79,"Boreal Moist Forest on Mountains","#065C4F",2210,0.0828
55,"Ursus arctos",50.631268,-115.193331,2025-05-23,"gbif",77,4.44999999999999,76.5,13.05,16.05,3,"Boreal","Moist","Forest","Mountains","Boreal Moist",6,92,79,"Boreal Moist Forest on Mountains","#065C4F",1992,0.6388
55,"Ursus arctos",51.587476,-116.118228,2025-05-22,"gbif",243,1.11153846153849,53,9.95000000000005,12.95,3,"Boreal","Moist","Forest","Mountains","Boreal Moist",6,92,79,"Boreal Moist Forest on Mountains","#065C4F",2093,0.6124
55,"Ursus arctos",50.7273337133,-115.3764164609,2026-06-12,"inat",92,1.77307692307699,77,10.65,13.65,3,"Boreal","Moist","Forest","Mountains","Boreal Moist",6,92,79,"Boreal Moist Forest on Mountains","#065C4F",2236,0.5888
55,"Ursus arctos",60.57861,-137.34,2026-05-04,"gbif",10,1.02692307692308,21.5,14.2500000000001,16.55,2.29999999999995,"Boreal","Moist","Forest","Mountains","Boreal Moist",6,92,79,"Boreal Moist Forest on Mountains","#065C4F",723,0.0031
55,"Ursus arctos",51.280145,-117.420592,2026-05-18,"gbif",203,2.18076923076922,182.5,10.55,13.55,3,"Boreal","Moist","Forest","Mountains","Boreal Moist",6,92,79,"Boreal Moist Forest on Mountains","#065C4F",1954,0.3249
55,"Ursus arctos",59.190333,-125.9282,2025-05-02,"gbif",245,4.07307692307694,34,15.45,18.35,2.89999999999998,"Boreal","Moist","Forest","Mountains","Boreal Moist",6,92,79,"Boreal Moist Forest on Mountains","#065C4F",941,0.3201
55,"Ursus arctos",50.686216,-115.182644,2025-05-21,"gbif",270,3.4961538461539,67.5,11.95,14.95,3,"Boreal","Moist","Forest","Mountains","Boreal Moist",6,92,79,"Boreal Moist Forest on Mountains","#065C4F",2019,0.6286
55,"Ursus arctos",59.210533,-125.951561,2025-05-30,"gbif",68,4.01923076923083,33,15.45,18.35,2.89999999999998,"Boreal","Moist","Forest","Mountains","Boreal Moist",6,92,79,"Boreal Moist Forest on Mountains","#065C4F",883,0.5343
55,"Ursus arctos",60.57861,-137.34,2026-05-04,"gbif",191,1.02692307692308,21.5,14.2500000000001,16.55,2.29999999999995,"Boreal","Moist","Forest","Mountains","Boreal Moist",6,92,79,"Boreal Moist Forest on Mountains","#065C4F",723,0.0031
55,"Ursus arctos",51.080438,-115.486845,2026-05-04,"gbif",210,2.56538461538463,33.5,11.15,14.2500000000001,3.10000000000002,"Boreal","Moist","Forest","Mountains","Boreal Moist",6,92,79,"Boreal Moist Forest on Mountains","#065C4F",1867,0.6002
55,"Ursus arctos",61.791838,-139.630665,2025-05-18,"gbif",242,0.142307692307725,19,14.15,17.05,2.89999999999998,"Boreal","Moist","Forest","Mountains","Boreal Moist",6,92,79,"Boreal Moist Forest on Mountains","#065C4F",847,0.6285
55,"Ursus arctos",51.080438,-115.486845,2026-05-04,"gbif",29,2.56538461538463,33.5,11.15,14.2500000000001,3.10000000000002,"Boreal","Moist","Forest","Mountains","Boreal Moist",6,92,79,"Boreal Moist Forest on Mountains","#065C4F",1867,0.6002
55,"Ursus arctos",61.330497,-138.655742,2026-05-15,"gbif",209,-0.219230769230762,19,12.7500000000001,15.65,2.89999999999998,"Boreal","Moist","Forest","Mountains","Boreal Moist",6,92,79,"Boreal Moist Forest on Mountains","#065C4F",1014,0.4797
55,"Ursus arctos horribilis",50.9782346241,-115.238896122,2026-06-07,"inat",108,2.68076923076927,54,10.55,13.55,3,"Boreal","Moist","Forest","Mountains","Boreal Moist",6,92,79,"Boreal Moist Forest on Mountains","#065C4F",2315,0.6359
55,"Ursus arctos",59.210533,-125.951561,2025-05-30,"gbif",249,4.01923076923083,33,15.45,18.35,2.89999999999998,"Boreal","Moist","Forest","Mountains","Boreal Moist",6,92,79,"Boreal Moist Forest on Mountains","#065C4F",883,0.5343
55,"Ursus arctos horribilis",51.2801446877,-117.4205916477,2026-05-18,"inat",176,2.18076923076922,182.5,10.55,13.55,3,"Boreal","Moist","Forest","Mountains","Boreal Moist",6,92,79,"Boreal Moist Forest on Mountains","#065C4F",1954,0.3249
55,"Ursus arctos horribilis",52.1053000874,-116.8816734704,2026-06-07,"inat",107,-0.11923076923074,77,9.75000000000006,12.7500000000001,3,"Boreal","Moist","Forest","Mountains","Boreal Moist",6,92,79,"Boreal Moist Forest on Mountains","#065C4F",2085,0.4432
55,"Ursus arctos horribilis",50.8231985824,-115.2147679536,2026-06-07,"inat",109,1.96538461538466,71,10.35,13.35,3,"Boreal","Moist","Forest","Mountains","Boreal Moist",6,92,79,"Boreal Moist Forest on Mountains","#065C4F",2166,0.4785
55,"Ursus arctos horribilis",58.3758231197,-122.7137605249,2026-05-30,"inat",146,4.94230769230768,33.5,16.15,18.85,2.69999999999999,"Boreal","Moist","Forest","Mountains","Boreal Moist",6,92,79,"Boreal Moist Forest on Mountains","#065C4F",556,0.7026
55,"Ursus arctos",52.079846,-116.736952,2025-05-31,"gbif",255,-0.92692307692306,81.5,8.85000000000002,11.85,3,"Boreal","Moist","Forest","Mountains","Boreal Moist",6,92,79,"Boreal Moist Forest on Mountains","#065C4F",2392,0.1613
55,"Ursus arctos horribilis",61.3304965222,-138.6557421431,2026-05-15,"inat",169,-0.219230769230762,19,12.7500000000001,15.65,2.89999999999998,"Boreal","Moist","Forest","Mountains","Boreal Moist",6,92,79,"Boreal Moist Forest on Mountains","#065C4F",1014,0.4797
55,"Ursus arctos",51.280145,-117.420592,2026-05-18,"gbif",22,2.18076923076922,182.5,10.55,13.55,3,"Boreal","Moist","Forest","Mountains","Boreal Moist",6,92,79,"Boreal Moist Forest on Mountains","#065C4F",1954,0.3249
55,"Ursus arctos horribilis",50.8497066583,-115.3985350308,2026-05-07,"inat",155,3.28076923076924,54.5,11.95,14.95,3,"Boreal","Moist","Forest","Mountains","Boreal Moist",6,92,79,"Boreal Moist Forest on Mountains","#065C4F",1901,0.6291
55,"Ursus arctos",51.587476,-116.118228,2025-05-22,"gbif",62,1.11153846153849,53,9.95000000000005,12.95,3,"Boreal","Moist","Forest","Mountains","Boreal Moist",6,92,79,"Boreal Moist Forest on Mountains","#065C4F",2093,0.6124
55,"Ursus arctos horribilis",59.291992,-125.942482,2026-05-20,"inat",148,4.31153846153848,33,16.05,18.95,2.90000000000003,"Boreal","Moist","Forest","Mountains","Boreal Moist",6,92,79,"Boreal Moist Forest on Mountains","#065C4F",687,0.4935
55,"Ursus arctos",50.849707,-115.398535,2026-05-07,"gbif",212,3.28076923076924,54.5,11.95,14.95,3,"Boreal","Moist","Forest","Mountains","Boreal Moist",6,92,79,"Boreal Moist Forest on Mountains","#065C4F",1901,0.6291
55,"Ursus arctos",49.178463,-114.167457,2026-05-15,"gbif",195,3.37307692307695,132,11.45,14.55,3.09999999999997,"Boreal","Moist","Forest","Mountains","Boreal Moist",6,92,79,"Boreal Moist Forest on Mountains","#065C4F",1920,0.4769
55,"Ursus arctos horribilis",51.2281010271,-115.9767857969,2026-06-01,"inat",141,1.09615384615387,50.5,10.05,13.15,3.10000000000002,"Boreal","Moist","Forest","Mountains","Boreal Moist",6,92,79,"Boreal Moist Forest on Mountains","#065C4F",2027,0.6069
55,"Ursus arctos",49.178463,-114.167457,2026-05-15,"gbif",14,3.37307692307695,132,11.45,14.55,3.09999999999997,"Boreal","Moist","Forest","Mountains","Boreal Moist",6,92,79,"Boreal Moist Forest on Mountains","#065C4F",1920,0.4769
56,"Ursus arctos",51.524556,-116.058871,2025-05-18,"gbif",268,-0.249999999999943,62.5,8.65000000000003,11.65,3,"Boreal","Moist","Grassland","Mountains","Boreal Moist",1,107,0,"Boreal Moist Grassland on Mountains","#016B00",2243,0.463
56,"Ursus arctos",51.524556,-116.058871,2025-05-18,"gbif",87,-0.249999999999943,62.5,8.65000000000003,11.65,3,"Boreal","Moist","Grassland","Mountains","Boreal Moist",1,107,0,"Boreal Moist Grassland on Mountains","#016B00",2243,0.463
68,"Ursus arctos",60.297024,-134.253413,2025-05-18,"gbif",244,3.25,34,15.15,18.2500000000001,3.10000000000002,"Boreal","Dry","Forest","Plains","Boreal Dry",12,102,33,"Boreal Dry Forest on Plains","#0C6621",668,0.5686
68,"Ursus arctos",60.297024,-134.253413,2025-05-18,"gbif",63,3.25,34,15.15,18.2500000000001,3.10000000000002,"Boreal","Dry","Forest","Plains","Boreal Dry",12,102,33,"Boreal Dry Forest on Plains","#0C6621",668,0.5686
90,"Ursus arctos",62.108632,-136.07715,2026-05-24,"gbif",34,2.08076923076931,6.5,16.15,19.05,2.89999999999998,"Boreal","Dry","Forest","Mountains","Boreal Dry",35,119,109,"Boreal Dry Forest on Mountains","#23776D",757,0.5231
90,"Ursus arctos",60.942739,-135.324639,2025-05-12,"gbif",78,0.419230769230808,34,12.35,15.2500000000001,2.90000000000003,"Boreal","Dry","Forest","Mountains","Boreal Dry",35,119,109,"Boreal Dry Forest on Mountains","#23776D",1232,0.5639
90,"Ursus arctos",63.938217,-139.675246,2025-04-08,"gbif",47,-0.026923076923083,13,17.45,20.15,2.69999999999999,"Boreal","Dry","Forest","Mountains","Boreal Dry",35,119,109,"Boreal Dry Forest on Mountains","#23776D",356,0.6617
90,"Ursus arctos",60.942739,-135.324639,2025-05-12,"gbif",259,0.419230769230808,34,12.35,15.2500000000001,2.90000000000003,"Boreal","Dry","Forest","Mountains","Boreal Dry",35,119,109,"Boreal Dry Forest on Mountains","#23776D",1232,0.5639
90,"Ursus arctos",59.731953,-133.756042,2025-05-07,"gbif",57,3.58846153846162,42,13.95,16.7500000000001,2.80000000000001,"Boreal","Dry","Forest","Mountains","Boreal Dry",35,119,109,"Boreal Dry Forest on Mountains","#23776D",752,0.6148
90,"Ursus arctos",60.76463,-135.159203,2025-04-26,"gbif",224,2.80384615384617,31,15.15,18.15,3,"Boreal","Dry","Forest","Mountains","Boreal Dry",35,119,109,"Boreal Dry Forest on Mountains","#23776D",751,0.5061
90,"Ursus arctos",59.731953,-133.756042,2025-05-07,"gbif",238,3.58846153846162,42,13.95,16.7500000000001,2.80000000000001,"Boreal","Dry","Forest","Mountains","Boreal Dry",35,119,109,"Boreal Dry Forest on Mountains","#23776D",752,0.6148
90,"Ursus arctos horribilis",62.108631584,-136.0771499215,2026-05-24,"inat",147,2.08076923076931,6.5,16.15,19.05,2.89999999999998,"Boreal","Dry","Forest","Mountains","Boreal Dry",35,119,109,"Boreal Dry Forest on Mountains","#23776D",757,0.5231
90,"Ursus arctos",60.738666,-135.941173,2025-05-03,"gbif",82,0.57307692307694,30,12.85,15.7500000000001,2.90000000000003,"Boreal","Dry","Forest","Mountains","Boreal Dry",35,119,109,"Boreal Dry Forest on Mountains","#23776D",850,0.5457
90,"Ursus arctos",60.76463,-135.159203,2025-04-26,"gbif",43,2.80384615384617,31,15.15,18.15,3,"Boreal","Dry","Forest","Mountains","Boreal Dry",35,119,109,"Boreal Dry Forest on Mountains","#23776D",751,0.5061
90,"Ursus arctos",63.938217,-139.675246,2025-04-08,"gbif",228,-0.026923076923083,13,17.45,20.15,2.69999999999999,"Boreal","Dry","Forest","Mountains","Boreal Dry",35,119,109,"Boreal Dry Forest on Mountains","#23776D",356,0.6617
90,"Ursus arctos",60.738666,-135.941173,2025-05-03,"gbif",263,0.57307692307694,30,12.85,15.7500000000001,2.90000000000003,"Boreal","Dry","Forest","Mountains","Boreal Dry",35,119,109,"Boreal Dry Forest on Mountains","#23776D",850,0.5457
90,"Ursus arctos",62.108632,-136.07715,2026-05-24,"gbif",215,2.08076923076931,6.5,16.15,19.05,2.89999999999998,"Boreal","Dry","Forest","Mountains","Boreal Dry",35,119,109,"Boreal Dry Forest on Mountains","#23776D",757,0.5231
96,"Ursus arctos",53.741249,-122.211956,2026-04-18,"gbif",5,8.55769230769238,49.5,15.45,18.35,2.89999999999998,"Cool Temperate","Moist","Shrubland","Mountains","Cool Temperate Moist",35,83,0,"Cool Temperate Moist Shrubland on Mountains","#235300",864,0.715
96,"Ursus arctos",50.236462,-116.963991,2025-05-24,"gbif",54,12.6192307692309,128.5,20.85,23.95,3.10000000000002,"Cool Temperate","Moist","Shrubland","Mountains","Cool Temperate Moist",35,83,0,"Cool Temperate Moist Shrubland on Mountains","#235300",601,0.6907
96,"Ursus arctos horribilis",49.2972666667,-117.8338972222,2017-05-22,"inat",172,9.95769230769235,153,17.65,20.7500000000001,3.10000000000002,"Cool Temperate","Moist","Shrubland","Mountains","Cool Temperate Moist",35,83,0,"Cool Temperate Moist Shrubland on Mountains","#235300",1350,0.6766
96,"Ursus arctos",53.741249,-122.211956,2026-04-18,"gbif",186,8.55769230769238,49.5,15.45,18.35,2.89999999999998,"Cool Temperate","Moist","Shrubland","Mountains","Cool Temperate Moist",35,83,0,"Cool Temperate Moist Shrubland on Mountains","#235300",864,0.715
96,"Ursus arctos",50.236462,-116.963991,2025-05-24,"gbif",235,12.6192307692309,128.5,20.85,23.95,3.10000000000002,"Cool Temperate","Moist","Shrubland","Mountains","Cool Temperate Moist",35,83,0,"Cool Temperate Moist Shrubland on Mountains","#235300",601,0.6907
97,"Ursus arctos",51.023556,-115.982029,2026-05-17,"gbif",20,6.93461538461537,46,15.95,19.05,3.09999999999997,"Cool Temperate","Moist","Forest","Mountains","Cool Temperate Moist",6,64,0,"Cool Temperate Moist Forest on Mountains","#064000",1444,0.5113
97,"Ursus arctos",50.667193,-115.953641,2026-05-12,"gbif",12,6.14230769230767,82,14.55,17.55,3,"Cool Temperate","Moist","Forest","Mountains","Cool Temperate Moist",6,64,0,"Cool Temperate Moist Forest on Mountains","#064000",1761,0.6921
97,"Ursus arctos",49.349084,-114.376348,2025-04-30,"gbif",46,4.96538461538466,116,13.05,16.15,3.10000000000002,"Cool Temperate","Moist","Forest","Mountains","Cool Temperate Moist",6,64,0,"Cool Temperate Moist Forest on Mountains","#064000",1632,0.6835
97,"Ursus arctos",52.439062,-125.870763,2025-04-30,"gbif",45,8.8269230769231,107.5,14.45,17.35,2.89999999999998,"Cool Temperate","Moist","Forest","Mountains","Cool Temperate Moist",6,64,0,"Cool Temperate Moist Forest on Mountains","#064000",1059,0.6255
97,"Ursus arctos",49.3820119137,-123.0785953067,NA,"inat",166,8.38846153846157,413,12.2500000000001,14.85,2.59999999999997,"Cool Temperate","Moist","Forest","Mountains","Cool Temperate Moist",6,64,0,"Cool Temperate Moist Forest on Mountains","#064000",916,0.7926
97,"Ursus arctos",49.3824083333,-123.0786888333,2025-10-12,"inat",98,8.38846153846157,413,12.2500000000001,14.85,2.59999999999997,"Cool Temperate","Moist","Forest","Mountains","Cool Temperate Moist",6,64,0,"Cool Temperate Moist Forest on Mountains","#064000",916,0.7926
97,"Ursus arctos horribilis",53.1103170312,-117.3428226759,2026-06-08,"inat",112,5.31923076923078,25.5,12.55,15.45,2.90000000000003,"Cool Temperate","Moist","Forest","Mountains","Cool Temperate Moist",6,64,0,"Cool Temperate Moist Forest on Mountains","#064000",1507,0.5403
97,"Ursus arctos",50.27153,-116.972582,2025-04-24,"gbif",49,11.9653846153846,132.5,20.2500000000001,23.35,3.09999999999997,"Cool Temperate","Moist","Forest","Mountains","Cool Temperate Moist",6,64,0,"Cool Temperate Moist Forest on Mountains","#064000",745,0.7156
97,"Ursus arctos horribilis",54.7974907997,-127.5253246,2026-06-01,"inat",134,6.62692307692311,76.5,13.55,16.35,2.80000000000001,"Cool Temperate","Moist","Forest","Mountains","Cool Temperate Moist",6,64,0,"Cool Temperate Moist Forest on Mountains","#064000",880,0.6059
97,"Ursus arctos",54.752125,-127.253983,2026-05-23,"gbif",30,5.03461538461539,77,11.7500000000001,14.55,2.79999999999995,"Cool Temperate","Moist","Forest","Mountains","Cool Temperate Moist",6,64,0,"Cool Temperate Moist Forest on Mountains","#064000",1117,0.6575
97,"Ursus arctos horribilis",51.3122945337,-116.0098969264,2026-06-12,"inat",94,4.82692307692309,34.5,13.65,16.65,3,"Cool Temperate","Moist","Forest","Mountains","Cool Temperate Moist",6,64,0,"Cool Temperate Moist Forest on Mountains","#064000",1626,0.6224
97,"Ursus arctos",51.355946,-116.083588,2026-05-20,"gbif",200,4.72692307692313,40.5,13.65,16.65,3,"Cool Temperate","Moist","Forest","Mountains","Cool Temperate Moist",6,64,0,"Cool Temperate Moist Forest on Mountains","#064000",1580,0.4972
97,"Ursus arctos horribilis",53.1417220044,-117.444843478,2026-05-28,"inat",138,5.87307692307695,23,13.15,16.05,2.89999999999998,"Cool Temperate","Moist","Forest","Mountains","Cool Temperate Moist",6,64,0,"Cool Temperate Moist Forest on Mountains","#064000",1466,0.5948
97,"Ursus arctos",51.3022,-117.518295,2026-05-17,"gbif",25,6.15000000000003,186.5,14.55,17.55,3,"Cool Temperate","Moist","Forest","Mountains","Cool Temperate Moist",6,64,0,"Cool Temperate Moist Forest on Mountains","#064000",1538,0.1297
97,"Ursus arctos",49.604384,-117.125791,2026-04-15,"gbif",4,13.6961538461539,108.5,21.45,24.45,3,"Cool Temperate","Moist","Forest","Mountains","Cool Temperate Moist",6,64,0,"Cool Temperate Moist Forest on Mountains","#064000",863,0.5486
97,"Ursus arctos",51.754299,-127.807972,2026-05-06,"gbif",17,10.0884615384616,404,12.55,14.7500000000001,2.20000000000005,"Cool Temperate","Moist","Forest","Mountains","Cool Temperate Moist",6,64,0,"Cool Temperate Moist Forest on Mountains","#064000",331,0.6207
97,"Ursus arctos",52.4065666667,-126.1272583333,2026-06-11,"inat",102,13.3423076923078,86,18.7500000000001,21.65,2.89999999999998,"Cool Temperate","Moist","Forest","Mountains","Cool Temperate Moist",6,64,0,"Cool Temperate Moist Forest on Mountains","#064000",575,0.6731
97,"Ursus arctos",51.355946,-116.083588,2026-05-20,"gbif",19,4.72692307692313,40.5,13.65,16.65,3,"Cool Temperate","Moist","Forest","Mountains","Cool Temperate Moist",6,64,0,"Cool Temperate Moist Forest on Mountains","#064000",1580,0.4972
97,"Ursus arctos",51.242958,-116.653293,2025-05-15,"gbif",56,7.36538461538464,88,16.35,19.35,3,"Cool Temperate","Moist","Forest","Mountains","Cool Temperate Moist",6,64,0,"Cool Temperate Moist Forest on Mountains","#064000",1431,0.4279
97,"Ursus arctos",53.804392,-123.059611,2025-05-03,"gbif",88,9.24230769230769,37,16.45,19.35,2.89999999999998,"Cool Temperate","Moist","Forest","Mountains","Cool Temperate Moist",6,64,0,"Cool Temperate Moist Forest on Mountains","#064000",772,0.6157
97,"Ursus arctos horribilis",51.3022,-117.518295,2026-05-17,"inat",173,6.15000000000003,186.5,14.55,17.55,3,"Cool Temperate","Moist","Forest","Mountains","Cool Temperate Moist",6,64,0,"Cool Temperate Moist Forest on Mountains","#064000",1538,0.1297
97,"Ursus arctos",51.375048,-117.470435,2026-05-25,"gbif",27,6.98846153846159,141.5,15.35,18.35,3,"Cool Temperate","Moist","Forest","Mountains","Cool Temperate Moist",6,64,0,"Cool Temperate Moist Forest on Mountains","#064000",1271,0.6798
97,"Ursus arctos",50.269823,-116.973615,2025-04-24,"gbif",48,11.9653846153846,132.5,20.2500000000001,23.35,3.09999999999997,"Cool Temperate","Moist","Forest","Mountains","Cool Temperate Moist",6,64,0,"Cool Temperate Moist Forest on Mountains","#064000",745,0.7156
97,"Ursus arctos",50.666042,-117.598347,2025-05-09,"gbif",69,10.2576923076923,198.5,18.35,21.45,3.10000000000002,"Cool Temperate","Moist","Forest","Mountains","Cool Temperate Moist",6,64,0,"Cool Temperate Moist Forest on Mountains","#064000",1071,0.6918
97,"Ursus arctos",50.893525,-122.875892,2025-05-30,"gbif",70,8.12692307692311,90,14.35,16.7500000000001,2.40000000000003,"Cool Temperate","Moist","Forest","Mountains","Cool Temperate Moist",6,64,0,"Cool Temperate Moist Forest on Mountains","#064000",1075,0.3249
97,"Ursus arctos",50.64437,-117.839217,2025-05-21,"gbif",71,12.0807692307692,164,19.85,22.95,3.10000000000002,"Cool Temperate","Moist","Forest","Mountains","Cool Temperate Moist",6,64,0,"Cool Temperate Moist Forest on Mountains","#064000",569,0.6977
97,"Ursus arctos",50.886372,-115.131827,2026-05-03,"gbif",11,6.09615384615392,36.5,13.85,16.95,3.10000000000002,"Cool Temperate","Moist","Forest","Mountains","Cool Temperate Moist",6,64,0,"Cool Temperate Moist Forest on Mountains","#064000",1577,0.5875
97,"Ursus arctos",52.936266,-118.132172,2025-05-18,"gbif",60,4.27307692307693,38.5,12.65,15.55,2.89999999999998,"Cool Temperate","Moist","Forest","Mountains","Cool Temperate Moist",6,64,0,"Cool Temperate Moist Forest on Mountains","#064000",1628,0.5197
97,"Ursus arctos horribilis",52.8237377087,-118.0356161169,2026-06-03,"inat",127,6.573076923077,25,15.2500000000001,18.2500000000001,3,"Cool Temperate","Moist","Forest","Mountains","Cool Temperate Moist",6,64,0,"Cool Temperate Moist Forest on Mountains","#064000",1092,0.2333
97,"Ursus arctos",50.032723,-123.180483,2026-05-31,"gbif",35,6.08846153846156,427.5,11.55,13.7500000000001,2.20000000000005,"Cool Temperate","Moist","Forest","Mountains","Cool Temperate Moist",6,64,0,"Cool Temperate Moist Forest on Mountains","#064000",1204,0.6647
97,"Ursus arctos horribilis",51.3750475086,-117.4704349482,2026-05-25,"inat",152,6.98846153846159,141.5,15.35,18.35,3,"Cool Temperate","Moist","Forest","Mountains","Cool Temperate Moist",6,64,0,"Cool Temperate Moist Forest on Mountains","#064000",1271,0.6798
97,"Ursus arctos",54.6179777778,-129.9114694444,2026-06-04,"inat",117,9.6192307692308,243,14.35,16.7500000000001,2.40000000000003,"Cool Temperate","Moist","Forest","Mountains","Cool Temperate Moist",6,64,0,"Cool Temperate Moist Forest on Mountains","#064000",320,0.7977
97,"Ursus arctos",50.674778,-117.630977,2025-05-09,"gbif",52,10.4884615384616,200,18.55,21.65,3.10000000000002,"Cool Temperate","Moist","Forest","Mountains","Cool Temperate Moist",6,64,0,"Cool Temperate Moist Forest on Mountains","#064000",1077,0.6998
97,"Ursus arctos",50.599068,-114.608107,2026-05-31,"gbif",39,6.52692307692314,36.5,13.35,16.45,3.10000000000002,"Cool Temperate","Moist","Forest","Mountains","Cool Temperate Moist",6,64,0,"Cool Temperate Moist Forest on Mountains","#064000",1620,0.647
97,"Ursus arctos",51.267899,-117.535613,2025-05-22,"gbif",240,3.8346153846154,177.5,12.2500000000001,15.2500000000001,3,"Cool Temperate","Moist","Forest","Mountains","Cool Temperate Moist",6,64,0,"Cool Temperate Moist Forest on Mountains","#064000",1547,0.6912
97,"Ursus arctos",50.651836,-114.429997,2025-04-13,"gbif",41,8.37307692307701,31.5,14.65,17.7500000000001,3.10000000000002,"Cool Temperate","Moist","Forest","Mountains","Cool Temperate Moist",6,64,0,"Cool Temperate Moist Forest on Mountains","#064000",1409,0.4686
97,"Ursus arctos",56.337554,-129.332651,2025-04-22,"gbif",42,7.44230769230774,83.5,16.05,18.85,2.80000000000001,"Cool Temperate","Moist","Forest","Mountains","Cool Temperate Moist",6,64,0,"Cool Temperate Moist Forest on Mountains","#064000",416,0.6396
97,"Ursus arctos",49.1572970041,-113.8989828843,2026-06-07,"inat",123,7.27307692307693,91,14.95,18.05,3.09999999999997,"Cool Temperate","Moist","Forest","Mountains","Cool Temperate Moist",6,64,0,"Cool Temperate Moist Forest on Mountains","#064000",1556,0.3419
97,"Ursus arctos",52.43828,-126.21892,2025-04-29,"gbif",44,13.3038461538462,101,18.7500000000001,21.65,2.89999999999998,"Cool Temperate","Moist","Forest","Mountains","Cool Temperate Moist",6,64,0,"Cool Temperate Moist Forest on Mountains","#064000",384,0.7364
97,"Ursus arctos",50.63737,-116.026795,2025-05-26,"gbif",85,8.62692307692311,60,16.95,19.95,3,"Cool Temperate","Moist","Forest","Mountains","Cool Temperate Moist",6,64,0,"Cool Temperate Moist Forest on Mountains","#064000",1483,0.5219
97,"Ursus arctos",51.3022,-117.518295,2026-05-17,"gbif",206,6.15000000000003,186.5,14.55,17.55,3,"Cool Temperate","Moist","Forest","Mountains","Cool Temperate Moist",6,64,0,"Cool Temperate Moist Forest on Mountains","#064000",1538,0.1297
97,"Ursus arctos",50.0604138333,-114.9114216667,2026-06-11,"inat",100,8.03461538461545,55,16.35,19.45,3.10000000000002,"Cool Temperate","Moist","Forest","Mountains","Cool Temperate Moist",6,64,0,"Cool Temperate Moist Forest on Mountains","#064000",1359,0.5349
97,"Ursus arctos horribilis",51.100178974,-115.4065680918,2026-04-03,"inat",128,5.62692307692311,30,13.95,17.05,3.09999999999997,"Cool Temperate","Moist","Forest","Mountains","Cool Temperate Moist",6,64,0,"Cool Temperate Moist Forest on Mountains","#064000",1670,0.7016
97,"Ursus arctos",49.38212,-123.0789805,2024-08-06,"inat",142,8.38846153846157,413,12.2500000000001,14.85,2.59999999999997,"Cool Temperate","Moist","Forest","Mountains","Cool Temperate Moist",6,64,0,"Cool Temperate Moist Forest on Mountains","#064000",916,0.7926
97,"Ursus arctos",50.671423,-117.621363,2025-05-09,"gbif",50,10.3576923076923,198.5,18.45,21.55,3.09999999999997,"Cool Temperate","Moist","Forest","Mountains","Cool Temperate Moist",6,64,0,"Cool Temperate Moist Forest on Mountains","#064000",1077,0.6998
97,"Ursus arctos",52.867186,-118.02673,2025-05-25,"gbif",65,5.32692307692304,25.5,13.95,16.85,2.89999999999998,"Cool Temperate","Moist","Forest","Mountains","Cool Temperate Moist",6,64,0,"Cool Temperate Moist Forest on Mountains","#064000",1335,0.2032
97,"Ursus arctos horribilis",54.9743175997,-122.9906804,2024-07-10,"inat",132,6.94230769230774,63,15.65,18.55,2.89999999999998,"Cool Temperate","Moist","Forest","Mountains","Cool Temperate Moist",6,64,0,"Cool Temperate Moist Forest on Mountains","#064000",782,0.5764
97,"Ursus arctos",51.287345,-117.51383,2025-05-22,"gbif",66,6.0423076923077,168.5,14.45,17.45,3,"Cool Temperate","Moist","Forest","Mountains","Cool Temperate Moist",6,64,0,"Cool Temperate Moist Forest on Mountains","#064000",1428,0.2838
97,"Ursus arctos",56.1001333333,-129.3062133333,2026-05-19,"inat",174,7.6576923076924,98.5,16.05,18.85,2.80000000000001,"Cool Temperate","Moist","Forest","Mountains","Cool Temperate Moist",6,64,0,"Cool Temperate Moist Forest on Mountains","#064000",339,0.8336
97,"Ursus arctos",51.776116,-127.805975,2026-05-09,"gbif",15,12.1884615384615,363,14.35,16.55,2.19999999999999,"Cool Temperate","Moist","Forest","Mountains","Cool Temperate Moist",6,64,0,"Cool Temperate Moist Forest on Mountains","#064000",301,0.75
97,"Ursus arctos",49.382195,-123.0785361667,2025-10-12,"inat",96,8.38846153846157,413,12.2500000000001,14.85,2.59999999999997,"Cool Temperate","Moist","Forest","Mountains","Cool Temperate Moist",6,64,0,"Cool Temperate Moist Forest on Mountains","#064000",916,0.7926
97,"Ursus arctos",49.3824116667,-123.0786888333,2025-10-12,"inat",97,8.38846153846157,413,12.2500000000001,14.85,2.59999999999997,"Cool Temperate","Moist","Forest","Mountains","Cool Temperate Moist",6,64,0,"Cool Temperate Moist Forest on Mountains","#064000",916,0.7926
97,"Ursus arctos horribilis",54.6490029,-129.763841,2026-05-24,"inat",151,4.01153846153846,265,8.35000000000002,10.85,2.5,"Cool Temperate","Moist","Forest","Mountains","Cool Temperate Moist",6,64,0,"Cool Temperate Moist Forest on Mountains","#064000",783,0.0147
97,"Ursus arctos",51.267899,-117.535613,2025-05-22,"gbif",59,3.8346153846154,177.5,12.2500000000001,15.2500000000001,3,"Cool Temperate","Moist","Forest","Mountains","Cool Temperate Moist",6,64,0,"Cool Temperate Moist Forest on Mountains","#064000",1547,0.6912
97,"Ursus arctos",49.710151,-118.746121,2026-05-22,"gbif",33,8.57307692307694,92,15.35,18.45,3.10000000000002,"Cool Temperate","Moist","Forest","Mountains","Cool Temperate Moist",6,64,0,"Cool Temperate Moist Forest on Mountains","#064000",1201,0.6915
97,"Ursus arctos",50.353523,-122.781375,2026-05-18,"gbif",21,8.58076923076925,145.5,14.55,16.85,2.30000000000001,"Cool Temperate","Moist","Forest","Mountains","Cool Temperate Moist",6,64,0,"Cool Temperate Moist Forest on Mountains","#064000",858,0.7411
97,"Ursus arctos",51.707305,-124.488887,2025-05-28,"gbif",75,3.89615384615388,63.5,10.2500000000001,12.65,2.39999999999998,"Cool Temperate","Moist","Forest","Mountains","Cool Temperate Moist",6,64,0,"Cool Temperate Moist Forest on Mountains","#064000",1568,0.6153
97,"Ursus arctos horribilis",53.042434311,-117.2039550187,2025-08-14,"inat",103,4.74230769230775,27.5,11.85,14.7500000000001,2.90000000000003,"Cool Temperate","Moist","Forest","Mountains","Cool Temperate Moist",6,64,0,"Cool Temperate Moist Forest on Mountains","#064000",1547,0.5729
97,"Ursus arctos horribilis",54.9743071997,-122.9906677997,2024-07-10,"inat",131,6.94230769230774,63,15.65,18.55,2.89999999999998,"Cool Temperate","Moist","Forest","Mountains","Cool Temperate Moist",6,64,0,"Cool Temperate Moist Forest on Mountains","#064000",782,0.5764
97,"Ursus arctos horribilis",52.8666231299,-118.0796216009,2026-06-10,"inat",105,6.79615384615386,24,15.45,18.35,2.89999999999998,"Cool Temperate","Moist","Forest","Mountains","Cool Temperate Moist",6,64,0,"Cool Temperate Moist Forest on Mountains","#064000",1061,0.1982
97,"Ursus arctos horribilis",49.0507912516,-114.10310887,2026-06-08,"inat",119,4.17307692307691,134,12.45,15.45,3,"Cool Temperate","Moist","Forest","Mountains","Cool Temperate Moist",6,64,0,"Cool Temperate Moist Forest on Mountains","#064000",2006,0.4526
97,"Ursus arctos",49.349084,-114.376348,2025-04-30,"gbif",227,4.96538461538466,116,13.05,16.15,3.10000000000002,"Cool Temperate","Moist","Forest","Mountains","Cool Temperate Moist",6,64,0,"Cool Temperate Moist Forest on Mountains","#064000",1632,0.6835
97,"Ursus arctos",52.983153,-117.687403,2025-05-28,"gbif",81,4.82692307692309,25,13.05,15.95,2.90000000000003,"Cool Temperate","Moist","Forest","Mountains","Cool Temperate Moist",6,64,0,"Cool Temperate Moist Forest on Mountains","#064000",1442,0.6316
97,"Ursus arctos horribilis",49.3854624707,-123.0762275829,2026-05-28,"inat",149,7.92692307692312,428.5,11.7500000000001,14.35,2.59999999999997,"Cool Temperate","Moist","Forest","Mountains","Cool Temperate Moist",6,64,0,"Cool Temperate Moist Forest on Mountains","#064000",916,0.5235
97,"Ursus arctos",50.27153,-116.972582,2025-04-24,"gbif",230,11.9653846153846,132.5,20.2500000000001,23.35,3.09999999999997,"Cool Temperate","Moist","Forest","Mountains","Cool Temperate Moist",6,64,0,"Cool Temperate Moist Forest on Mountains","#064000",745,0.7156
97,"Ursus arctos",54.749717,-127.269225,2025-05-25,"gbif",84,6.10384615384618,67.5,13.05,15.85,2.80000000000001,"Cool Temperate","Moist","Forest","Mountains","Cool Temperate Moist",6,64,0,"Cool Temperate Moist Forest on Mountains","#064000",1130,0.6465
97,"Ursus arctos",50.886372,-115.131827,2026-05-03,"gbif",192,6.09615384615392,36.5,13.85,16.95,3.10000000000002,"Cool Temperate","Moist","Forest","Mountains","Cool Temperate Moist",6,64,0,"Cool Temperate Moist Forest on Mountains","#064000",1577,0.5875
97,"Ursus arctos",52.867186,-118.02673,2025-05-25,"gbif",246,5.32692307692304,25.5,13.95,16.85,2.89999999999998,"Cool Temperate","Moist","Forest","Mountains","Cool Temperate Moist",6,64,0,"Cool Temperate Moist Forest on Mountains","#064000",1335,0.2032
97,"Ursus arctos",51.287345,-117.51383,2025-05-22,"gbif",247,6.0423076923077,168.5,14.45,17.45,3,"Cool Temperate","Moist","Forest","Mountains","Cool Temperate Moist",6,64,0,"Cool Temperate Moist Forest on Mountains","#064000",1428,0.2838
97,"Ursus arctos",49.3801396,-123.081458,2008-06-19,"inat",168,8.38846153846157,413,12.2500000000001,14.85,2.59999999999997,"Cool Temperate","Moist","Forest","Mountains","Cool Temperate Moist",6,64,0,"Cool Temperate Moist Forest on Mountains","#064000",916,0.7926
97,"Ursus arctos",50.927063,-116.006186,2026-05-30,"gbif",36,7.38846153846157,54,16.2500000000001,19.2500000000001,3,"Cool Temperate","Moist","Forest","Mountains","Cool Temperate Moist",6,64,0,"Cool Temperate Moist Forest on Mountains","#064000",1515,0.6684
97,"Ursus arctos horribilis",54.752125,-127.2539833333,2026-05-23,"inat",157,5.03461538461539,77,11.7500000000001,14.55,2.79999999999995,"Cool Temperate","Moist","Forest","Mountains","Cool Temperate Moist",6,64,0,"Cool Temperate Moist Forest on Mountains","#064000",1117,0.6575
97,"Ursus arctos horribilis",49.7101513276,-118.7461212957,2026-05-22,"inat",158,8.57307692307694,92,15.35,18.45,3.10000000000002,"Cool Temperate","Moist","Forest","Mountains","Cool Temperate Moist",6,64,0,"Cool Temperate Moist Forest on Mountains","#064000",1201,0.6915
97,"Ursus arctos",50.64437,-117.839217,2025-05-21,"gbif",252,12.0807692307692,164,19.85,22.95,3.10000000000002,"Cool Temperate","Moist","Forest","Mountains","Cool Temperate Moist",6,64,0,"Cool Temperate Moist Forest on Mountains","#064000",569,0.6977
97,"Ursus arctos",52.439062,-125.870763,2025-04-30,"gbif",226,8.8269230769231,107.5,14.45,17.35,2.89999999999998,"Cool Temperate","Moist","Forest","Mountains","Cool Temperate Moist",6,64,0,"Cool Temperate Moist Forest on Mountains","#064000",1059,0.6255
97,"Ursus arctos",49.710151,-118.746121,2026-05-22,"gbif",214,8.57307692307694,92,15.35,18.45,3.10000000000002,"Cool Temperate","Moist","Forest","Mountains","Cool Temperate Moist",6,64,0,"Cool Temperate Moist Forest on Mountains","#064000",1201,0.6915
97,"Ursus arctos horribilis",54.5266444288,-119.5067766617,2026-06-07,"inat",122,4.65769230769229,59,11.7500000000001,14.55,2.79999999999995,"Cool Temperate","Moist","Forest","Mountains","Cool Temperate Moist",6,64,0,"Cool Temperate Moist Forest on Mountains","#064000",1364,0.5971
97,"Ursus arctos",50.032723,-123.180483,2026-05-31,"gbif",216,6.08846153846156,427.5,11.55,13.7500000000001,2.20000000000005,"Cool Temperate","Moist","Forest","Mountains","Cool Temperate Moist",6,64,0,"Cool Temperate Moist Forest on Mountains","#064000",1204,0.6647
97,"Ursus arctos horribilis",52.9353384189,-118.1135498676,2026-06-02,"inat",137,4.95000000000005,33,13.35,16.2500000000001,2.90000000000003,"Cool Temperate","Moist","Forest","Mountains","Cool Temperate Moist",6,64,0,"Cool Temperate Moist Forest on Mountains","#064000",1470,0.6219
97,"Ursus arctos horribilis",49.3828198,-123.079293,2026-05-29,"inat",125,8.38846153846157,413,12.2500000000001,14.85,2.59999999999997,"Cool Temperate","Moist","Forest","Mountains","Cool Temperate Moist",6,64,0,"Cool Temperate Moist Forest on Mountains","#064000",916,0.7808
97,"Ursus arctos horribilis",52.6019541676,-117.8019440143,2026-05-27,"inat",99,4.51153846153852,41.5,13.7500000000001,16.7500000000001,3,"Cool Temperate","Moist","Forest","Mountains","Cool Temperate Moist",6,64,0,"Cool Temperate Moist Forest on Mountains","#064000",1532,0.6488
97,"Ursus arctos",50.599068,-114.608107,2026-05-31,"gbif",220,6.52692307692314,36.5,13.35,16.45,3.10000000000002,"Cool Temperate","Moist","Forest","Mountains","Cool Temperate Moist",6,64,0,"Cool Temperate Moist Forest on Mountains","#064000",1620,0.647
97,"Ursus arctos horribilis",53.736758732,-118.3802845844,2025-07-25,"inat",101,5.71153846153851,28,12.35,15.2500000000001,2.90000000000003,"Cool Temperate","Moist","Forest","Mountains","Cool Temperate Moist",6,64,0,"Cool Temperate Moist Forest on Mountains","#064000",1447,0.5715
97,"Ursus arctos",50.651836,-114.429997,2025-04-13,"gbif",222,8.37307692307701,31.5,14.65,17.7500000000001,3.10000000000002,"Cool Temperate","Moist","Forest","Mountains","Cool Temperate Moist",6,64,0,"Cool Temperate Moist Forest on Mountains","#064000",1409,0.4686
97,"Ursus arctos",50.666042,-117.598347,2025-05-09,"gbif",250,10.2576923076923,198.5,18.35,21.45,3.10000000000002,"Cool Temperate","Moist","Forest","Mountains","Cool Temperate Moist",6,64,0,"Cool Temperate Moist Forest on Mountains","#064000",1071,0.6918
97,"Ursus arctos",54.752125,-127.253983,2026-05-23,"gbif",211,5.03461538461539,77,11.7500000000001,14.55,2.79999999999995,"Cool Temperate","Moist","Forest","Mountains","Cool Temperate Moist",6,64,0,"Cool Temperate Moist Forest on Mountains","#064000",1117,0.6575
97,"Ursus arctos horribilis",50.9270633333,-116.0061861167,2026-05-30,"inat",145,7.38846153846157,54,16.2500000000001,19.2500000000001,3,"Cool Temperate","Moist","Forest","Mountains","Cool Temperate Moist",6,64,0,"Cool Temperate Moist Forest on Mountains","#064000",1515,0.6684
97,"Ursus arctos",49.604384,-117.125791,2026-04-15,"gbif",185,13.6961538461539,108.5,21.45,24.45,3,"Cool Temperate","Moist","Forest","Mountains","Cool Temperate Moist",6,64,0,"Cool Temperate Moist Forest on Mountains","#064000",863,0.5486
97,"Ursus arctos",50.63737,-116.026795,2025-05-26,"gbif",266,8.62692307692311,60,16.95,19.95,3,"Cool Temperate","Moist","Forest","Mountains","Cool Temperate Moist",6,64,0,"Cool Temperate Moist Forest on Mountains","#064000",1483,0.5219
97,"Ursus arctos",49.1878074205,-120.9589824826,2026-06-02,"inat",135,9.72692307692307,195,14.2500000000001,17.35,3.09999999999997,"Cool Temperate","Moist","Forest","Mountains","Cool Temperate Moist",6,64,0,"Cool Temperate Moist Forest on Mountains","#064000",1298,0.6763
97,"Ursus arctos",50.269823,-116.973615,2025-04-24,"gbif",229,11.9653846153846,132.5,20.2500000000001,23.35,3.09999999999997,"Cool Temperate","Moist","Forest","Mountains","Cool Temperate Moist",6,64,0,"Cool Temperate Moist Forest on Mountains","#064000",745,0.7156
97,"Ursus arctos",51.707305,-124.488887,2025-05-28,"gbif",256,3.89615384615388,63.5,10.2500000000001,12.65,2.39999999999998,"Cool Temperate","Moist","Forest","Mountains","Cool Temperate Moist",6,64,0,"Cool Temperate Moist Forest on Mountains","#064000",1568,0.6153
97,"Ursus arctos",50.671423,-117.621363,2025-05-09,"gbif",231,10.3576923076923,198.5,18.45,21.55,3.09999999999997,"Cool Temperate","Moist","Forest","Mountains","Cool Temperate Moist",6,64,0,"Cool Temperate Moist Forest on Mountains","#064000",1077,0.6998
97,"Ursus arctos horribilis",51.0235561259,-115.9820285202,2026-05-17,"inat",165,6.93461538461537,46,15.95,19.05,3.09999999999997,"Cool Temperate","Moist","Forest","Mountains","Cool Temperate Moist",6,64,0,"Cool Temperate Moist Forest on Mountains","#064000",1444,0.5113
97,"Ursus arctos",52.892579,-117.915862,2025-05-30,"gbif",73,4.78846153846149,31.5,13.35,16.2500000000001,2.90000000000003,"Cool Temperate","Moist","Forest","Mountains","Cool Temperate Moist",6,64,0,"Cool Temperate Moist Forest on Mountains","#064000",1593,0.6352
97,"Ursus arctos horribilis",50.0681149246,-123.1085210929,2022-05-24,"inat",153,11.4653846153847,238,17.2500000000001,19.45,2.19999999999999,"Cool Temperate","Moist","Forest","Mountains","Cool Temperate Moist",6,64,0,"Cool Temperate Moist Forest on Mountains","#064000",619,0.7743
97,"Ursus arctos",49.3824083333,-123.0786888333,2025-10-12,"inat",115,8.38846153846157,413,12.2500000000001,14.85,2.59999999999997,"Cool Temperate","Moist","Forest","Mountains","Cool Temperate Moist",6,64,0,"Cool Temperate Moist Forest on Mountains","#064000",916,0.7926
97,"Ursus arctos",50.5990684904,-114.6081072923,2026-05-31,"inat",143,6.52692307692314,36.5,13.35,16.45,3.10000000000002,"Cool Temperate","Moist","Forest","Mountains","Cool Temperate Moist",6,64,0,"Cool Temperate Moist Forest on Mountains","#064000",1620,0.647
97,"Ursus arctos horribilis",50.0327229271,-123.1804834264,2026-05-31,"inat",144,6.08846153846156,427.5,11.55,13.7500000000001,2.20000000000005,"Cool Temperate","Moist","Forest","Mountains","Cool Temperate Moist",6,64,0,"Cool Temperate Moist Forest on Mountains","#064000",1204,0.6647
97,"Ursus arctos",51.754299,-127.807972,2026-05-06,"gbif",198,10.0884615384616,404,12.55,14.7500000000001,2.20000000000005,"Cool Temperate","Moist","Forest","Mountains","Cool Temperate Moist",6,64,0,"Cool Temperate Moist Forest on Mountains","#064000",331,0.6207
97,"Ursus arctos",53.804392,-123.059611,2025-05-03,"gbif",269,9.24230769230769,37,16.45,19.35,2.89999999999998,"Cool Temperate","Moist","Forest","Mountains","Cool Temperate Moist",6,64,0,"Cool Temperate Moist Forest on Mountains","#064000",772,0.6157
97,"Ursus arctos",52.43828,-126.21892,2025-04-29,"gbif",225,13.3038461538462,101,18.7500000000001,21.65,2.89999999999998,"Cool Temperate","Moist","Forest","Mountains","Cool Temperate Moist",6,64,0,"Cool Temperate Moist Forest on Mountains","#064000",384,0.7364
97,"Ursus arctos",50.8364568846,-114.7346817172,2020-07-01,"inat",121,6.4961538461539,35,13.2500000000001,16.35,3.09999999999997,"Cool Temperate","Moist","Forest","Mountains","Cool Temperate Moist",6,64,0,"Cool Temperate Moist Forest on Mountains","#064000",1652,0.5325
97,"Ursus arctos",50.353523,-122.781375,2026-05-18,"gbif",202,8.58076923076925,145.5,14.55,16.85,2.30000000000001,"Cool Temperate","Moist","Forest","Mountains","Cool Temperate Moist",6,64,0,"Cool Temperate Moist Forest on Mountains","#064000",858,0.7411
97,"Ursus arctos",50.893525,-122.875892,2025-05-30,"gbif",251,8.12692307692311,90,14.35,16.7500000000001,2.40000000000003,"Cool Temperate","Moist","Forest","Mountains","Cool Temperate Moist",6,64,0,"Cool Temperate Moist Forest on Mountains","#064000",1075,0.3249
97,"Ursus arctos",50.813088178,-114.7740497301,2026-06-05,"inat",124,6.12692307692316,36,13.05,16.15,3.10000000000002,"Cool Temperate","Moist","Forest","Mountains","Cool Temperate Moist",6,64,0,"Cool Temperate Moist Forest on Mountains","#064000",1722,0.4893
97,"Ursus arctos horribilis",51.3559461051,-116.0835882958,2026-05-20,"inat",164,4.72692307692313,40.5,13.65,16.65,3,"Cool Temperate","Moist","Forest","Mountains","Cool Temperate Moist",6,64,0,"Cool Temperate Moist Forest on Mountains","#064000",1580,0.4972
97,"Ursus arctos",51.242958,-116.653293,2025-05-15,"gbif",237,7.36538461538464,88,16.35,19.35,3,"Cool Temperate","Moist","Forest","Mountains","Cool Temperate Moist",6,64,0,"Cool Temperate Moist Forest on Mountains","#064000",1431,0.4279
97,"Ursus arctos horribilis",50.6729090657,-125.7397634631,2025-08-03,"inat",175,12.9269230769231,301,17.2500000000001,20.05,2.79999999999995,"Cool Temperate","Moist","Forest","Mountains","Cool Temperate Moist",6,64,0,"Cool Temperate Moist Forest on Mountains","#064000",65,0.8045
97,"Ursus arctos",51.375048,-117.470435,2026-05-25,"gbif",208,6.98846153846159,141.5,15.35,18.35,3,"Cool Temperate","Moist","Forest","Mountains","Cool Temperate Moist",6,64,0,"Cool Temperate Moist Forest on Mountains","#064000",1271,0.6798
97,"Ursus arctos",54.6341888889,-130.0152444444,2026-06-05,"inat",116,10.8500000000001,206,15.35,17.65,2.30000000000001,"Cool Temperate","Moist","Forest","Mountains","Cool Temperate Moist",6,64,0,"Cool Temperate Moist Forest on Mountains","#064000",103,-0.0418
97,"Ursus arctos",52.892579,-117.915862,2025-05-30,"gbif",254,4.78846153846149,31.5,13.35,16.2500000000001,2.90000000000003,"Cool Temperate","Moist","Forest","Mountains","Cool Temperate Moist",6,64,0,"Cool Temperate Moist Forest on Mountains","#064000",1593,0.6352
97,"Ursus arctos",56.337554,-129.332651,2025-04-22,"gbif",223,7.44230769230774,83.5,16.05,18.85,2.80000000000001,"Cool Temperate","Moist","Forest","Mountains","Cool Temperate Moist",6,64,0,"Cool Temperate Moist Forest on Mountains","#064000",416,0.6396
97,"Ursus arctos",52.936266,-118.132172,2025-05-18,"gbif",241,4.27307692307693,38.5,12.65,15.55,2.89999999999998,"Cool Temperate","Moist","Forest","Mountains","Cool Temperate Moist",6,64,0,"Cool Temperate Moist Forest on Mountains","#064000",1628,0.5197
97,"Ursus arctos",50.927063,-116.006186,2026-05-30,"gbif",217,7.38846153846157,54,16.2500000000001,19.2500000000001,3,"Cool Temperate","Moist","Forest","Mountains","Cool Temperate Moist",6,64,0,"Cool Temperate Moist Forest on Mountains","#064000",1515,0.6684
97,"Ursus arctos",52.983153,-117.687403,2025-05-28,"gbif",262,4.82692307692309,25,13.05,15.95,2.90000000000003,"Cool Temperate","Moist","Forest","Mountains","Cool Temperate Moist",6,64,0,"Cool Temperate Moist Forest on Mountains","#064000",1442,0.6316
97,"Ursus arctos",54.749717,-127.269225,2025-05-25,"gbif",265,6.10384615384618,67.5,13.05,15.85,2.80000000000001,"Cool Temperate","Moist","Forest","Mountains","Cool Temperate Moist",6,64,0,"Cool Temperate Moist Forest on Mountains","#064000",1130,0.6465
97,"Ursus arctos",51.023556,-115.982029,2026-05-17,"gbif",201,6.93461538461537,46,15.95,19.05,3.09999999999997,"Cool Temperate","Moist","Forest","Mountains","Cool Temperate Moist",6,64,0,"Cool Temperate Moist Forest on Mountains","#064000",1444,0.5113
97,"Ursus arctos",50.667193,-115.953641,2026-05-12,"gbif",193,6.14230769230767,82,14.55,17.55,3,"Cool Temperate","Moist","Forest","Mountains","Cool Temperate Moist",6,64,0,"Cool Temperate Moist Forest on Mountains","#064000",1761,0.6921
97,"Ursus arctos",50.674778,-117.630977,2025-05-09,"gbif",233,10.4884615384616,200,18.55,21.65,3.10000000000002,"Cool Temperate","Moist","Forest","Mountains","Cool Temperate Moist",6,64,0,"Cool Temperate Moist Forest on Mountains","#064000",1077,0.6998
97,"Ursus arctos",51.776116,-127.805975,2026-05-09,"gbif",196,12.1884615384615,363,14.35,16.55,2.19999999999999,"Cool Temperate","Moist","Forest","Mountains","Cool Temperate Moist",6,64,0,"Cool Temperate Moist Forest on Mountains","#064000",301,0.75
98,"Ursus arctos horribilis",50.9070039378,-122.7410691733,2026-06-08,"inat",114,11.7423076923077,72,17.85,20.35,2.5,"Cool Temperate","Moist","Sparsely or Non vegetated","Mountains","Cool Temperate Moist",56,103,5,"Cool Temperate Moist Sparsely or Non vegetated on Mountains","#386705",855,0.4081
100,"Ursus arctos",53.926668,-123.054234,2025-05-03,"gbif",232,9.2423076923078,37,16.7500000000001,19.65,2.89999999999998,"Cool Temperate","Moist","Shrubland","Tablelands","Cool Temperate Moist",124,135,216,"Cool Temperate Moist Shrubland on Tablelands","#7C87D8",721,0.6386
100,"Ursus arctos",53.926668,-123.054234,2025-05-03,"gbif",51,9.2423076923078,37,16.7500000000001,19.65,2.89999999999998,"Cool Temperate","Moist","Shrubland","Tablelands","Cool Temperate Moist",124,135,216,"Cool Temperate Moist Shrubland on Tablelands","#7C87D8",721,0.6386
105,"Ursus arctos",54.5382,-118.670614,2025-05-19,"gbif",55,7.95769230769235,39.5,15.35,18.15,2.80000000000001,"Cool Temperate","Moist","Forest","Hills","Cool Temperate Moist",2,99,1,"Cool Temperate Moist Forest on Hills","#026301",920,0.5942
105,"Ursus arctos",54.5382,-118.670614,2025-05-19,"gbif",236,7.95769230769235,39.5,15.35,18.15,2.80000000000001,"Cool Temperate","Moist","Forest","Hills","Cool Temperate Moist",2,99,1,"Cool Temperate Moist Forest on Hills","#026301",920,0.5942
107,"Ursus arctos",49.421116,-114.164816,2026-05-08,"gbif",189,8.71923076923082,58.5,16.05,19.15,3.10000000000002,"Cool Temperate","Moist","Grassland","Mountains","Cool Temperate Moist",26,83,0,"Cool Temperate Moist Grassland on Mountains","#1A5300",1402,0.4539
107,"Ursus arctos",49.042144,-113.807994,2026-05-02,"gbif",187,5.74230769230775,103,13.65,16.65,3,"Cool Temperate","Moist","Grassland","Mountains","Cool Temperate Moist",26,83,0,"Cool Temperate Moist Grassland on Mountains","#1A5300",1902,0.6654
107,"Ursus arctos",49.042144,-113.807994,2026-05-02,"gbif",6,5.74230769230775,103,13.65,16.65,3,"Cool Temperate","Moist","Grassland","Mountains","Cool Temperate Moist",26,83,0,"Cool Temperate Moist Grassland on Mountains","#1A5300",1902,0.6654
107,"Ursus arctos",49.421116,-114.164816,2026-05-08,"gbif",8,8.71923076923082,58.5,16.05,19.15,3.10000000000002,"Cool Temperate","Moist","Grassland","Mountains","Cool Temperate Moist",26,83,0,"Cool Temperate Moist Grassland on Mountains","#1A5300",1402,0.4539
108,"Ursus maritimus",43.8232078552,-79.1861343384,2026-05-22,"inat",275,10.5269230769231,71,20.85,23.85,3,"Cool Temperate","Moist","Settlement","Hills","Cool Temperate Moist",67,109,14,"Cool Temperate Moist Settlement on Hills","#436D0E",141,0.5191
108,"Ursus maritimus",43.8233466667,-79.1851716667,2025-09-14,"inat",319,10.5269230769231,71,20.85,23.85,3,"Cool Temperate","Moist","Settlement","Hills","Cool Temperate Moist",67,109,14,"Cool Temperate Moist Settlement on Hills","#436D0E",141,0.5191
108,"Ursus maritimus",43.8232078552,-79.1861343384,2026-05-22,"inat",161,10.5269230769231,71,20.85,23.85,3,"Cool Temperate","Moist","Settlement","Hills","Cool Temperate Moist",67,109,14,"Cool Temperate Moist Settlement on Hills","#436D0E",141,0.5191
108,"Ursus maritimus",43.8233333333,-79.185,2013-07-21,"inat",283,10.5269230769231,71,20.85,23.85,3,"Cool Temperate","Moist","Settlement","Hills","Cool Temperate Moist",67,109,14,"Cool Temperate Moist Settlement on Hills","#436D0E",141,0.5191
108,"Ursus maritimus",43.8235015869,-79.1851806641,2026-05-22,"inat",274,10.5269230769231,71,20.85,23.85,3,"Cool Temperate","Moist","Settlement","Hills","Cool Temperate Moist",67,109,14,"Cool Temperate Moist Settlement on Hills","#436D0E",141,0.5191
108,"Ursus maritimus",43.8235015869,-79.1851806641,2026-05-22,"inat",160,10.5269230769231,71,20.85,23.85,3,"Cool Temperate","Moist","Settlement","Hills","Cool Temperate Moist",67,109,14,"Cool Temperate Moist Settlement on Hills","#436D0E",141,0.5191
108,"Ursus maritimus",43.8231034298,-79.1856841185,2026-04-11,"inat",287,10.5269230769231,71,20.85,23.85,3,"Cool Temperate","Moist","Settlement","Hills","Cool Temperate Moist",67,109,14,"Cool Temperate Moist Settlement on Hills","#436D0E",141,0.5191
108,"Ursus maritimus",43.82377,-79.1853416667,2026-05-17,"inat",277,10.5269230769231,71,20.85,23.85,3,"Cool Temperate","Moist","Settlement","Hills","Cool Temperate Moist",67,109,14,"Cool Temperate Moist Settlement on Hills","#436D0E",141,0.5191
110,"Ursus arctos horribilis",43.8180583333,-79.1933366667,2026-05-17,"inat",180,10.6115384615384,71,20.95,23.95,3,"Cool Temperate","Moist","Cropland","Hills","Cool Temperate Moist",33,144,30,"Cool Temperate Moist Cropland on Hills","#21901E",146,0.6074
110,"Ursus maritimus",43.8206866667,-79.1840033333,2025-08-12,"inat",285,10.5269230769231,71,20.85,23.85,3,"Cool Temperate","Moist","Cropland","Hills","Cool Temperate Moist",33,144,30,"Cool Temperate Moist Cropland on Hills","#21901E",141,0.5191
110,"Ursus maritimus",43.8206866667,-79.1840033333,2025-11-11,"inat",298,10.5269230769231,71,20.85,23.85,3,"Cool Temperate","Moist","Cropland","Hills","Cool Temperate Moist",33,144,30,"Cool Temperate Moist Cropland on Hills","#21901E",141,0.5191
111,"Ursus maritimus",49.05463378,-81.0168161579,2023-06-04,"inat",284,5.6730769230769,25.5,17.45,20.05,2.59999999999997,"Cool Temperate","Moist","Forest","Plains","Cool Temperate Moist",1,109,0,"Cool Temperate Moist Forest on Plains","#016D00",273,0.4027
111,"Ursus maritimus",49.0519624,-81.0164733,2026-05-04,"inat",282,5.6730769230769,25.5,17.45,20.05,2.59999999999997,"Cool Temperate","Moist","Forest","Plains","Cool Temperate Moist",1,109,0,"Cool Temperate Moist Forest on Plains","#016D00",273,0.4027
116,"Ursus maritimus",49.8683537,-97.2406139,2016-07-18,"inat",312,7.7807692307693,7.5,19.7500000000001,22.55,2.79999999999995,"Cool Temperate","Moist","Cropland","Plains","Cool Temperate Moist",29,153,10,"Cool Temperate Moist Cropland on Plains","#1D990A",235,0.5529
120,"Ursus maritimus",49.8732253467,-97.238553909,2025-09-24,"inat",318,7.7807692307693,7.5,19.7500000000001,22.55,2.79999999999995,"Cool Temperate","Moist","Settlement","Plains","Cool Temperate Moist",78,119,2,"Cool Temperate Moist Settlement on Plains","#4E7702",235,0.5211
120,"Ursus maritimus",49.8729194433,-97.2385169171,2025-12-23,"inat",294,7.7807692307693,7.5,19.7500000000001,22.55,2.79999999999995,"Cool Temperate","Moist","Settlement","Plains","Cool Temperate Moist",78,119,2,"Cool Temperate Moist Settlement on Plains","#4E7702",235,0.5211
137,"Ursus arctos",49.649197,-120.102975,2026-01-16,"gbif",1,5.25769230769231,85.5,10.65,13.85,3.19999999999999,"Cool Temperate","Dry","Forest","Mountains","Cool Temperate Dry",54,113,21,"Cool Temperate Dry Forest on Mountains","#367115",1835,0.5161
137,"Ursus arctos",49.649197,-120.102975,2026-01-16,"gbif",182,5.25769230769231,85.5,10.65,13.85,3.19999999999999,"Cool Temperate","Dry","Forest","Mountains","Cool Temperate Dry",54,113,21,"Cool Temperate Dry Forest on Mountains","#367115",1835,0.5161
137,"Ursus arctos horribilis",51.2121170331,-120.2240785799,2026-06-04,"inat",133,9.87307692307695,70,17.05,20.15,3.10000000000002,"Cool Temperate","Dry","Forest","Mountains","Cool Temperate Dry",54,113,21,"Cool Temperate Dry Forest on Mountains","#367115",1009,0.6816
142,"Ursus arctos",52.938671,-118.041177,2025-01-25,"gbif",40,7.22692307692307,22,15.65,18.55,2.89999999999998,"Cool Temperate","Dry","Grassland","Mountains","Cool Temperate Dry",82,134,31,"Cool Temperate Dry Grassland on Mountains","#52861F",1023,0.3484
142,"Ursus arctos",52.938671,-118.041177,2025-01-25,"gbif",221,7.22692307692307,22,15.65,18.55,2.89999999999998,"Cool Temperate","Dry","Grassland","Mountains","Cool Temperate Dry",82,134,31,"Cool Temperate Dry Grassland on Mountains","#52861F",1023,0.3484
145,"Ursus maritimus",51.9557751159,-106.346771121,2026-02-22,"inat",292,6.79615384615386,8.5,18.35,21.05,2.69999999999999,"Cool Temperate","Dry","Cropland","Plains","Cool Temperate Dry",89,191,56,"Cool Temperate Dry Cropland on Plains","#59BF38",527,0.4138
146,"Ursus arctos",51.634274,-114.406825,2026-04-04,"gbif",184,9.37307692307695,18.5,15.95,18.95,3,"Cool Temperate","Dry","Cropland","Hills","Cool Temperate Dry",97,186,84,"Cool Temperate Dry Cropland on Hills","#61BA54",1093,0.6063
146,"Ursus arctos",51.634274,-114.406825,2026-04-04,"gbif",3,9.37307692307695,18.5,15.95,18.95,3,"Cool Temperate","Dry","Cropland","Hills","Cool Temperate Dry",97,186,84,"Cool Temperate Dry Cropland on Hills","#61BA54",1093,0.6063
154,"Ursus maritimus",51.0457111667,-114.0211945,2024-04-29,"inat",310,10.373076923077,19.5,16.7500000000001,19.7500000000001,3,"Cool Temperate","Dry","Settlement","Hills","Cool Temperate Dry",122,154,61,"Cool Temperate Dry Settlement on Hills","#7A9A3D",1060,0.3308
